{"entities":{"pages":{"starter":{"id":"starter","title":"Introduction to CSS","url":"starter.html","level":0,"tabIndex":0},"CSS-Syntax":{"id":"CSS-Syntax","title":"CSS Syntax","url":"css-syntax.html","level":0,"tabIndex":1},"Adding-CSS-to-HTML":{"id":"Adding-CSS-to-HTML","title":"Adding CSS to HTML","url":"adding-css-to-html.html","level":0,"tabIndex":2},"Basic-CSS-selectors":{"id":"Basic-CSS-selectors","title":"Basic CSS selectors","url":"basic-css-selectors.html","level":0,"tabIndex":3},"Colors":{"id":"Colors","title":"Colors","url":"colors.html","level":0,"tabIndex":4},"CSS-Backgrounds":{"id":"CSS-Backgrounds","title":"CSS Backgrounds","url":"css-backgrounds.html","level":0,"tabIndex":5},"CSS-Gradients":{"id":"CSS-Gradients","title":"CSS Gradients","url":"css-gradients.html","level":0,"tabIndex":6},"Advanced-Selectors":{"id":"Advanced-Selectors","title":"Advanced Selectors","url":"advanced-selectors.html","level":0,"tabIndex":7},"CSS-Text-Formatting":{"id":"CSS-Text-Formatting","title":"CSS Text Formatting","url":"css-text-formatting.html","level":0,"tabIndex":8},"CSS-Fonts":{"id":"CSS-Fonts","title":"CSS Fonts","url":"css-fonts.html","level":0,"tabIndex":9},"CSS-Borders":{"id":"CSS-Borders","title":"CSS Borders","url":"css-borders.html","level":0,"tabIndex":10},"CSS-Margins":{"id":"CSS-Margins","title":"CSS Margins","url":"css-margins.html","level":0,"tabIndex":11},"CSS-Padding":{"id":"CSS-Padding","title":"CSS Padding","url":"css-padding.html","level":0,"tabIndex":12},"Height-and-Width-properties":{"id":"Height-and-Width-properties","title":"Height and Width properties","url":"height-and-width-properties.html","level":0,"tabIndex":13},"CSS-Units":{"id":"CSS-Units","title":"CSS Units","url":"css-units.html","level":0,"tabIndex":14},"Box-Model":{"id":"Box-Model","title":"Box Model","url":"box-model.html","level":0,"tabIndex":15},"Outline":{"id":"Outline","title":"Outline","url":"outline.html","level":0,"tabIndex":16},"The-Display-Property":{"id":"The-Display-Property","title":"The Display Property","url":"the-display-property.html","level":0,"tabIndex":17},"Position":{"id":"Position","title":"Position","url":"position.html","level":0,"tabIndex":18},"CSS-Overflow":{"id":"CSS-Overflow","title":"CSS Overflow","url":"css-overflow.html","level":0,"tabIndex":19},"CSS-Math-functions":{"id":"CSS-Math-functions","title":"CSS Math functions","url":"css-math-functions.html","level":0,"tabIndex":20},"Shadow-Effects":{"id":"Shadow-Effects","title":"Shadow Effects","url":"shadow-effects.html","level":0,"tabIndex":21},"2D-Transformations":{"id":"2D-Transformations","title":"2D Transformations","url":"2d-transformations.html","level":0,"tabIndex":22},"CSS-Transitions":{"id":"CSS-Transitions","title":"CSS Transitions","url":"css-transitions.html","level":0,"tabIndex":23},"CSS-Animations":{"id":"CSS-Animations","title":"CSS Animations","url":"css-animations.html","level":0,"tabIndex":24},"CSS-Custom-properties-variables":{"id":"CSS-Custom-properties-variables","title":"CSS Custom properties (variables)","url":"css-custom-properties-variables.html","level":0,"tabIndex":25},"CSS-Flexbox":{"id":"CSS-Flexbox","title":"CSS Flexbox","url":"css-flexbox.html","level":0,"pages":["Flex-Container","Flex-Items"],"tabIndex":26},"Flex-Container":{"id":"Flex-Container","title":"Flex Container","url":"flex-container.html","level":1,"parentId":"CSS-Flexbox","tabIndex":0},"Flex-Items":{"id":"Flex-Items","title":"Flex Items","url":"flex-items.html","level":1,"parentId":"CSS-Flexbox","tabIndex":1},"CSS-Grid":{"id":"CSS-Grid","title":"CSS Grid","url":"css-grid.html","level":0,"pages":["Our-First-CSS-Grid","The-repeat-keyword-and-fr-unit","Positioning-Grid-Items","Spanning-Grid-Items"],"tabIndex":27},"Our-First-CSS-Grid":{"id":"Our-First-CSS-Grid","title":"Our First CSS Grid","url":"our-first-css-grid.html","level":1,"parentId":"CSS-Grid","tabIndex":0},"The-repeat-keyword-and-fr-unit":{"id":"The-repeat-keyword-and-fr-unit","title":"The repeat keyword and fr unit","url":"the-repeat-keyword-and-fr-unit.html","level":1,"parentId":"CSS-Grid","tabIndex":1},"Positioning-Grid-Items":{"id":"Positioning-Grid-Items","title":"Positioning Grid Items","url":"positioning-grid-items.html","level":1,"parentId":"CSS-Grid","tabIndex":2},"Spanning-Grid-Items":{"id":"Spanning-Grid-Items","title":"Spanning Grid Items","url":"spanning-grid-items.html","level":1,"parentId":"CSS-Grid","tabIndex":3}}},"topLevelIds":["starter","CSS-Syntax","Adding-CSS-to-HTML","Basic-CSS-selectors","Colors","CSS-Backgrounds","CSS-Gradients","Advanced-Selectors","CSS-Text-Formatting","CSS-Fonts","CSS-Borders","CSS-Margins","CSS-Padding","Height-and-Width-properties","CSS-Units","Box-Model","Outline","The-Display-Property","Position","CSS-Overflow","CSS-Math-functions","Shadow-Effects","2D-Transformations","CSS-Transitions","CSS-Animations","CSS-Custom-properties-variables","CSS-Flexbox","CSS-Grid"]}